1.61535073670724	17.947649743754003	18.53606547487382	0.7393898142216531	1.5264053491351703	1.7475919483601121	0.6993422184353473	0.6167146713958064	0.5674656097825267	0.05780609211372857	0.05494336960649889	0.05029817557877336	0.9996141454335873	0.9957076662096848	0.9955660194476311
33.01759689301728	27.26501441383728	54.41243539986732	3.1944466688020468	3.1329276105060875	4.462064388988315	0.45498062735357414	0.4129320907236135	0.3479251177500246	0.03798299975356071	0.03399911674395883	0.02955754531298701	0.9940792946955197	0.9951285365127006	0.9902734354196614
15.35668241511852	10.876541479820634	28.306300146795632	2.8930773542600914	2.373098174247279	3.9087051820869103	0.3103971746581818	0.3682186932254524	0.24972687316927233	0.029093162963805746	0.03229759522300234	0.02512805674322733	0.9897312241693637	0.9927187919163425	0.9810704291489508
12.559577194106335	25.741311659192824	36.13867160007237	2.219010249839848	3.117312620115313	3.7177099881356934	0.41409328818892216	0.3242560885066303	0.296119472524719	0.03464416130130343	0.02970433797278801	0.02750794905410707	0.9963373695761162	0.9924944752894578	0.9894825032710852
30.75756726457404	46.77442344650865	74.80687325303145	3.3108584240871264	4.009649263292757	4.890969052263269	0.4353223755025899	0.40518997951580915	0.37870803332183955	0.08620444807889817	0.08371588362738998	0.07790942803613057	0.9968787013768008	0.9952562266177021	0.9924227908095911
26.122817905188978	37.54618433696347	62.817953306923485	3.207018737988469	3.547505605381164	4.952683544812884	0.40062749697694183	0.40599462221246335	0.3225256943148235	0.04662324046731223	0.047359930551968736	0.03986714802374139	0.99084512763201	0.9868475432846336	0.9780287569938907
16.124299327354258	11.941663997437544	28.02477427657905	1.934196828955797	1.7477978859705323	2.595105471656377	0.49159698634932264	0.5055895719658041	0.4105583065267795	0.07208445223666142	0.07398121341368885	0.06275246489468976	0.9918583383686064	0.9939708670310117	0.9858890589933365
25.801809737347863	27.58430092889174	58.138168875304096	3.191183536194747	3.160654228058939	4.760139958575475	0.36075238137988164	0.3776701058235554	0.2821513968389495	0.028374401540936286	0.0340939897488555	0.02505122263575595	0.9964077830661238	0.9961658980183596	0.991917862061077
28.11491031390136	28.469370595771945	58.26457399103143	3.661394939141577	3.595051249199233	5.14715759416035	0.3071550284922878	0.31702536889661664	0.24601720566210245	0.02473658589099833	0.024656388212506226	0.021098212777908607	0.9947005786045878	0.9946285105666246	0.9890018990472619
61.54446268417677	53.00858824471493	112.79840736793417	4.758788436899425	4.380104900704676	6.522190271270282	0.28898166201305664	0.31372729881134703	0.2285861568886786	0.02616723982162679	0.02766587544035794	0.02246897855597619	0.9906473185368362	0.9919621684493771	0.9828638169448299
23.043321588725174	14.825292280589366	47.63934525126187	3.016015374759768	2.4668281550288302	4.3811257013010545	0.38800175245012186	0.4238208766327906	0.30998124715524045	0.04098867146331998	0.04305452334237987	0.03524899013920316	0.9967600687795144	0.9979145335245356	0.9932967378130773
15.39049487508008	10.824951953875724	25.189145166804103	2.440943305573349	1.8697549647661738	3.090369804339522	0.4227126450126043	0.49821123409441553	0.3609375515346443	0.033197849492884894	0.03845845574533756	0.03000240189149968	0.9967414245930194	0.997721077654826	0.9946655769694654
10.736927450352342	10.213865310698276	18.45363872187254	2.2440542921204374	2.1390735105701473	2.949647087212693	0.39894515175873607	0.4263742965152678	0.3416297266650368	0.03276411613796714	0.03383754283414762	0.02917307281942286	0.9962451953704108	0.9964231755657444	0.9935239126915011
12.091848174247275	26.057995675848804	40.40284341128916	1.9383408071748884	2.7455357142857153	3.661304269138731	0.49707151276434636	0.44459502964156966	0.3558355708044525	0.036748025209259655	0.03409870898711939	0.029502558827111443	0.9990078259657967	0.9978549209141112	0.9966680485199774
9.46218369634849	18.27754644458681	28.084437652074246	1.8630084881486229	2.6952274183215876	3.406161394759596	0.49139236637051475	0.4016985027639249	0.333909807339642	0.038637192741168724	0.031032523360093798	0.02780146330530236	0.9981539762619642	0.9964408481019792	0.9945241253695368
38.723634689301704	70.26057014734145	106.85483319592193	3.8877122037155623	5.388813260730303	7.324579219368978	0.3548185378611174	0.27405980881051767	0.199646850243486	0.02520539254163548	0.023443825420382248	0.01915448659693715	0.9952891614508889	0.9914656870182319	0.9869951814483067
39.75732703395259	33.53707559256889	58.77206459007819	3.7970852017937218	3.2842729019859105	4.704820125077922	0.3918236901579316	0.41608467492445034	0.34287221087994535	0.0979289298745515	0.09931854167678042	0.0929183609287434	0.9976235815229366	0.9979932047151022	0.9964846142724386
9.702073991031387	17.35355941704036	25.655452552836394	1.7165679051889824	2.483404067905188	3.042731605300729	0.5728119395223596	0.4516927297728156	0.41678592320651725	0.05036964458790416	0.04248291832641605	0.04046636235735373	0.9991542233809234	0.9984845536128969	0.9977579302680563
32.69644859064703	32.51771700832799	61.134287840093315	4.1000760730301105	4.162335842408714	5.699792877395484	0.2559662397242572	0.2434931289798755	0.19035768277646745	0.023609576818628034	0.02323189546398461	0.01993091637510898	0.9887009773796409	0.988747904837119	0.9788800541938255
29.460081678411274	16.626201153107	45.668382633875616	2.9982783472133248	2.523262331838566	4.127712200124675	0.4447163449753295	0.4509420615926049	0.3482507973662645	0.052166614754389204	0.050235894266434426	0.04239763362966435	0.9955633448048842	0.9974903624075502	0.9931222879474273
30.704996796925048	27.774343369634856	52.80393734038498	3.8227498398462547	3.5375960922485583	5.011864304530563	0.2834172524271097	0.30801515468098367	0.2284977922351247	0.027822878764367617	0.029088454849883195	0.024027227384113753	0.9910794790722249	0.9919524973939763	0.9846346585613237
27.55188981422167	19.472813901345308	47.723340505540065	3.696828955797566	2.977858744394621	4.884514066239021	0.2828760014260715	0.3463271860893067	0.2293393623829203	0.029436482362807822	0.034183277143529214	0.02585010953846702	0.986834685648547	0.9906992241247276	0.9772426900082278
12.581778507367064	11.74587604099936	23.590098332964693	1.551829756566303	1.6507847533632278	2.521948963381529	0.6690927960505519	0.6385947657316916	0.5533118707700513	0.11247089031513217	0.11466211445940165	0.10320968142176584	0.9943837654194323	0.9947684024839164	0.9894807673807989
25.027086002562477	37.694386611146754	56.705946228558844	2.804912716207561	3.591607943625885	4.534738281485653	0.4389119421622084	0.3793860580147005	0.3231890259400608	0.03348972027635182	0.030028577433294325	0.026654723219524848	0.9968970766461099	0.9953266202682385	0.9929643711690419
13.366672005124915	7.0662836322869955	19.373403848860832	2.4455076873798838	1.82629324151185	3.034044521305473	0.39344464510617216	0.4458194114444144	0.333320361351434	0.03608915154521054	0.03973979752661211	0.03176871154195686	0.992931006541934	0.9962559127121742	0.9897575854984582
27.372537636130698	11.623538597053177	38.377083794164335	3.1416359705317136	1.9897301409352988	3.6862997446158148	0.4139675042687558	0.5089058390284061	0.37442792369554706	0.06227161885586489	0.06926525619555932	0.055823492717563025	0.991046635227561	0.9961992288092898	0.9874635790920383
30.82405108904552	22.286314862267798	50.223632085905614	3.4299927930813605	2.739670083279949	4.420338233224069	0.3673759849550223	0.4315868783162983	0.31446160929537187	0.03147560097592302	0.03534831955769408	0.028260645012059517	0.9925392581761114	0.9945997870190506	0.9878527905081832
18.20035233824472	18.31510249839847	35.316173661243965	2.7988068545804	2.4786995515695045	3.803494942588831	0.36303707242840694	0.41987633170290434	0.3001173815004098	0.029659021085811553	0.03299882008395268	0.026803794906817287	0.9976365091155371	0.9976238219643286	0.9954129437563812
46.13629083920567	38.60409993593851	84.59454241991597	4.245836002562464	3.7787075592568886	5.809728729715055	0.31636508151933806	0.3497892468856381	0.2501023021345082	0.02839366763382659	0.03062187319749219	0.024468601410697528	0.9924098165889537	0.9936472476237354	0.9861026842877538
15.518717969250472	24.818946188340803	41.79460676868627	1.9812019538757197	3.1575512491992312	4.138470510165097	0.5668207623208242	0.3827021594269809	0.3384457519553629	0.06862709407661231	0.05558045332349679	0.052667882547797105	0.9982317903830131	0.9971760053297054	0.9952400413140584
25.921724855861587	21.540018417681	46.87287096060652	2.9826233183856514	2.578575432415119	4.010878963984804	0.38009140146311293	0.4210353600643346	0.3118563196566688	0.04470343701614782	0.04994957080017411	0.03975303598865886	0.9951982862776828	0.9960106979108598	0.9913470742075661
71.38629083920561	54.46828955797566	121.88877717227373	5.23686739269699	4.757286995515693	6.817088620322146	0.29610848626785624	0.29685008711184285	0.24844634210612013	0.027034648158505856	0.026723677128715734	0.023447134929235676	0.9945483667869862	0.995837893764438	0.9906864241544415
22.36843369634853	53.5971132286996	74.50177964567962	3.0012411915438837	4.731602338244718	5.536105692855277	0.3758040167241672	0.2920368954154852	0.25942489906194033	0.030186598403899485	0.02630116203975551	0.023938345117348353	0.9985113477677366	0.9964292640553302	0.9950368357025253
48.38216688020505	35.41750080076872	78.58706187536437	5.231181934657271	4.529928731582313	6.73011723541595	0.19484308093565889	0.214953869679394	0.15351900313316877	0.021484408482411156	0.02280792202485997	0.01904647342483338	0.9838718886178648	0.9882017785988327	0.9736627231217369
28.346152306213963	23.74169202434336	49.807295541836766	3.4061298846892982	3.1349495515695067	4.6319652516640195	0.32318080457499176	0.33101548795752606	0.24757391671476608	0.027276704897809558	0.027456754033335	0.022968666674180547	0.9968101036898717	0.9973272873774689	0.9944022423867498
17.4099135169763	64.45587764253685	92.83844436847708	2.841688020499679	5.233143818065345	6.356753604536586	0.35550316050380737	0.24366042784049838	0.21035698373536954	0.026683068737600017	0.022418874641773525	0.020154400857965767	0.9972153265460797	0.9897127779642912	0.9851670852376523
48.85199791800128	30.19050288276748	71.50298618512335	4.831097853939783	3.8266335682255	5.9778801101972645	0.23609046769274003	0.2720305649972749	0.19097231978927195	0.017320349678629405	0.018793781696284484	0.015263406170655273	0.9926271882971223	0.9954579741956234	0.9892311119566848
38.215326713645084	18.544843049327334	55.53341108809747	3.0762331838565036	2.165358744394618	3.9084437652074224	0.5611658920412536	0.5794180271189151	0.4976480111052231	0.08241878562350408	0.0772926909970838	0.07120439149606117	0.9899576821642542	0.9951531835576738	0.9853820235721555
10.022101217168482	7.62502001921845	15.093888877717228	1.3802450352338247	1.1239790198590647	1.7021858472923248	0.654388035059113	0.7007121258372737	0.5923378481736203	0.12334296605326858	0.12148915448583011	0.10988097477081658	0.9935698653402375	0.9951130283727038	0.9903414270356902
7.878363228699553	14.253363228699564	21.046431659594997	1.7986467008327993	2.6468209481101885	3.1897283275352413	0.4778511071120208	0.35970942434997555	0.31641073341256315	0.03781670636524316	0.030624683646609197	0.028240276471475884	0.9971308946177632	0.9947930890367803	0.9923114044600708
44.6731262011531	28.056734465086492	75.68018661143397	2.3978619474695697	2.1550688661114674	3.737778760883993	0.6719424004977558	0.6090641995108328	0.5378882463606268	0.10212282803967158	0.08948226531680399	0.08287297024642744	0.9969670830149326	0.9980955091615931	0.9948648648573772
13.974135169762981	26.804192024343394	39.01795732872169	2.1430973734785397	3.1203755605381196	3.804781917995534	0.5083973247770948	0.4037143457243204	0.36775170967940074	0.0779895258190183	0.06522374584819908	0.06235539443345833	0.9967998191687719	0.993857068726618	0.9910778180143552
26.90154548366429	28.43427690582961	56.18267007178914	3.1097453555413184	3.069126361306855	4.5550483621227045	0.3715286675104587	0.38000225167938495	0.28774780526503907	0.042156222370886676	0.03929564531313039	0.035227588621819836	0.997198977488096	0.9970291760584478	0.9941234314046454
43.37528026905829	32.52138052530431	73.8109151601681	4.770179372197308	4.084721332479181	6.4023205775302126	0.22430622877857329	0.24943341720772738	0.16592985442260696	0.018217164299015747	0.019959562379458985	0.015679281948956455	0.991437751535567	0.9935524209612429	0.9853942231598243
21.290218609865462	50.758247918001295	77.02187858191402	3.1050808776425374	4.826713645099299	6.020048663757572	0.32149374570674444	0.23977470033218218	0.1898127395434268	0.022289810824592343	0.019115198498000828	0.016872234141382694	0.9972182093006264	0.9933660412367225	0.9899349207277862
17.9102738629084	12.525984945547728	34.95389008425669	2.4425848814862277	1.8619474695707887	3.513965694061815	0.4611660090638321	0.5517420968547423	0.38195875959237535	0.04651356305724659	0.062092585596175025	0.04357181661965488	0.9966338919385639	0.997649805057749	0.9934324559611394
89.31866591928258	67.24649663677134	168.02306501236708	7.152826713645104	6.103279147982064	9.895413139214542	0.1501569656498183	0.17941078372855376	0.1128004582178313	0.014438444089211725	0.015622803630922603	0.01234230158149286	0.9852479409881982	0.9889025532039017	0.9722578809544616
18.276545483664297	11.99129163997438	30.574936153954418	2.231262011531069	1.9696308456117884	3.053570351304066	0.49505225759827637	0.48051734229190474	0.40077732827030194	0.03984775270907727	0.03879844876254828	0.0338328614752763	0.996407529130713	0.9976373400137096	0.9939849500714358
20.381045803971798	17.121676809737362	37.91353133986206	2.7381886611146715	2.499199231262012	3.7996742343501784	0.3992846996929059	0.41636808981151807	0.3134268324364828	0.03455342621290444	0.03562424563711889	0.029299893252875728	0.9973075749275435	0.9977391422982561	0.9949951725108956
35.769618834080696	4.458440102498396	42.224074483701685	3.962443946188341	1.200512491992312	4.320155241408435	0.3431249866540242	0.6166035781795502	0.3158565945341915	0.032269039634153916	0.05126194621276157	0.030454049043804457	0.9892339255795417	0.9986574214252802	0.9872869645097929
5.457118834080713	3.4180413196668833	8.66247059060105	1.3568625880845606	1.0176969891095458	1.7415190331597254	0.5625199258144447	0.6339403120794531	0.48916710553308246	0.0681406145857435	0.07063723288332233	0.05881942177555315	0.995540638546182	0.9972321641312294	0.992929058992714
34.93840086483023	15.028567424727727	42.37296145106478	4.186038597053172	2.8865110506085845	4.824649600836535	0.23161568005331598	0.30274036762418516	0.2020033667261394	0.020756797070185233	0.024090765157423248	0.018871604810340777	0.9895546430388005	0.9955201398830821	0.9873411846157389
36.74173206278028	25.080637411915436	58.64047135474268	4.541499839846253	3.816063420884048	5.848337991916184	0.2250911277654496	0.24402411257033876	0.17214087895466534	0.01900244630859111	0.020246403695392552	0.01660814558310958	0.9901141092852996	0.9932678624632564	0.9841912772176797
14.562359865470848	14.091207559256887	29.61547587926562	1.7700392376681615	1.9341768097373475	2.879687908463874	0.6036134262540167	0.5536989589218447	0.466680632866955	0.0642027166069236	0.059634187311151075	0.050402781117126115	0.9903681554462493	0.9906717442610795	0.980402346562098
59.660233824471504	30.623638693145406	73.8857407146735	4.545523702754645	3.3147421524663665	5.282591646725246	0.34735238996512807	0.4145688564281405	0.29899856680547565	0.037814713950136705	0.042565274476007664	0.033253343042610836	0.9939918614579407	0.996910583389163	0.9925556894742609
18.528947789878263	20.84961563100577	38.23881437390655	2.4039878283151794	2.89513933376041	3.904964909811176	0.4939116279520416	0.42160640596154936	0.37190976164264244	0.11721485672603048	0.11440780522833965	0.1098627476299241	0.9982872365886346	0.9980676775084342	0.9964625199616455
21.9992392696989	11.023662716207546	31.095537814957048	3.2634128763613095	2.148022101217167	3.875324257475515	0.32023451459525953	0.4452952503441391	0.2848878846212367	0.027876432827795786	0.03692480400031286	0.02585611181680768	0.9939510618378575	0.9969664119423626	0.991417098767212
15.915779147982066	12.038957399103124	23.17868849162459	2.2834921524663674	1.9594410634208836	2.7264775080938644	0.4750732212060746	0.48021276255706274	0.415023363426111	0.0392209035915366	0.03740689937135444	0.034686368192951116	0.9976722755316098	0.9982362079544378	0.9966112275387505
6.122597693786039	8.77108023702755	14.720565464819314	1.49447469570788	1.766435778347214	2.4104446097850327	0.5383029505574043	0.5030220553023746	0.4170652767915793	0.05809688085169513	0.054483962671874095	0.04692226700288943	0.9936896384625481	0.9909690089851941	0.9848131438121872
16.660954516335682	13.233484144778995	30.134368276056218	2.8249919923126225	2.5458239910313916	3.8662752116471246	0.3454196082051317	0.3739140428890871	0.2754427909277186	0.031018017001086466	0.032581694706898826	0.026616028744848128	0.9935626658709542	0.9948825399853829	0.9883721608779316
16.068485746316473	9.184377001921836	23.553861931669655	2.629304131966689	2.0170163356822526	3.2321582979750265	0.36889995727504993	0.44405980426483854	0.3251630532449099	0.02810887904686903	0.03328519121994713	0.025752053558289655	0.9960796173646952	0.9977548791365008	0.9942316551462914
19.5286274823831	13.956237988468935	38.95672545194958	2.564101537475978	2.1495836002562463	3.5500613324217274	0.4562661792147216	0.4749498329855792	0.39297501552220115	0.033151381482669676	0.03442112360857156	0.029146301640762335	0.9968813772132289	0.9977692772068478	0.9937708741050988
16.349875880845598	13.713585041639965	30.00677672987591	2.9377602498398447	2.7011731262011516	4.067747189768545	0.30870621521290026	0.3223529240227975	0.23495295712796319	0.028781906834284075	0.02979493647047858	0.024502365806029682	0.9904213534604143	0.991929506606575	0.9823681525575364
26.229460281870587	15.307615310698264	38.84230529469726	3.3579035874439467	2.520219410634208	4.1140783044099	0.3322911293554722	0.41259235998656907	0.29330701260006115	0.031782569467693846	0.03789899255729217	0.029442735192406654	0.986609193431896	0.9921850557332442	0.9802130725932194
21.12299807815503	13.150344330557333	12.028353676928953	1.804932735426009	1.3780829596412554	1.3904964909811177	0.7285269356037076	0.7389157235493145	0.699786905398218	0.1377468124761462	0.13924803610836642	0.1285197281944934	0.9903383448461509	0.993982193465874	0.9945112573945687
21.451153106982684	17.874099135169754	35.23650183997265	2.602898782831518	2.5022621716848166	3.5841460717086577	0.48801717735938505	0.4446252862839796	0.3760108268473814	0.06868000570601322	0.06111496570178916	0.053536829605611035	0.9905003891209646	0.9920660692060832	0.9844089253237854
42.24109144778983	32.154348174247275	68.94043716945842	3.3066343689942332	3.1589926329276135	4.8544511250980324	0.43167279147778054	0.4137855373783723	0.30832715553210344	0.04110621494244449	0.04157402475359678	0.034475596408665946	0.9972530702684873	0.9979093451327742	0.9955201852731428
12.508047725816773	21.92618914157593	34.02411067988497	2.282631326073031	2.502982863549008	3.7507490599046824	0.4305690263857361	0.46342634537503136	0.3161525198673879	0.0411317339085653	0.040203866780533615	0.03222830748621126	0.9954888496406205	0.992086644925373	0.987708885348265
12.326753683536191	26.565743113388862	35.83581009069157	2.19782991672005	3.5733504163997436	4.063564519696762	0.4482289830616161	0.31147714342786587	0.290397321948243	0.040601736448908146	0.031601114697529596	0.03012750640901998	0.9953028791501193	0.9898700374198638	0.9863251145993892
52.322849935938535	31.960081678411264	83.84254660258597	4.238088565022421	3.2815903267136446	5.551287980856238	0.44548225025072213	0.4658349903647158	0.3922289864305023	0.07377959179484661	0.07242847826347665	0.06765223074712003	0.9840200183193384	0.9902283278371542	0.9743731653986616
118.25766736066619	58.55028827674567	169.8727100886806	7.822729820627804	5.072469570787951	9.539343240362761	0.16019218476961947	0.2527310149322374	0.13183725970828797	0.014271561688864887	0.017688783630456166	0.012868112251747568	0.984978871146177	0.9925714158057333	0.9783909003167307
17.258608263933365	23.094050288276726	35.61813026604195	2.5023222293401672	3.0883247918001273	3.9493655613424803	0.4184582828142106	0.3592624529036008	0.29319888713340597	0.034115485498146685	0.030357823006562888	0.026934880271959432	0.9970515797126575	0.9960575559144563	0.9939060809122618
31.735666239590056	17.682835522101225	55.751754509441184	3.7600896860986595	2.7831318065342754	4.98282692191679	0.3348533589556184	0.38544232299720216	0.2750355994715608	0.035439063514789156	0.037882526872451285	0.031292981814537574	0.9948272224094481	0.9971202689112272	0.9909322463265053
32.58362027546441	85.38338805253042	120.32104003700057	3.5046244394618777	5.842308616271622	7.394256872247586	0.3582130222108959	0.2874605512265502	0.20673589224570935	0.024745357432980886	0.024319745866158097	0.01918222228191971	0.9952176717206341	0.9874653591323262	0.9823300016812568
43.64551969891094	38.26633568225499	82.08413601721332	4.77368273542601	4.456838565022421	6.5658267811538575	0.2172503824907364	0.2271071382585722	0.16588312565425156	0.020564156890155182	0.021192510499966306	0.01779290044382613	0.9925825211505684	0.9935060934576626	0.9860120128927446
4.826793721973093	3.7711603139013476	6.955921092320378	1.048486547085203	1.108083760409995	1.5241609523618012	0.6707031474820292	0.6158096201442195	0.5430815898796792	0.08668209124372334	0.07809433225848483	0.06973494430126347	0.989035467198369	0.9914118552317919	0.9841479557429944
20.10151745675846	15.396300448430498	34.59824247421023	2.976437379884688	2.626681614349775	3.950250356934585	0.3543386272518441	0.36931603494366405	0.28270266110205544	0.030529442690916526	0.031094038661813216	0.026080818322678022	0.9954352087686619	0.9965027614538887	0.992161323700485
21.14958360025625	17.012311819346557	39.06722435600958	3.075832799487511	2.706137892376683	4.247139496068693	0.3222972672918458	0.3629017550472725	0.2482230096424323	0.025944903249094174	0.028663018938333652	0.022365311337739505	0.996020700916931	0.9967981293130544	0.9926499213114107
10.06247998078156	26.845351537476013	39.01089907297553	1.3562019538757217	2.7851337283792437	3.2070019505721006	0.6418580279117073	0.45018196949188966	0.41730667177503405	0.06688726618043156	0.05405399179128794	0.05099178536360748	0.9984214991614311	0.9958007763520617	0.9939040233223092
7.1779908712363865	5.31830557335042	12.06824991453679	1.8951593529788593	1.6111066623959012	2.4784733254237983	0.4280241939726906	0.4678016123101566	0.3589387751188075	0.04758251124659819	0.050294351079955495	0.041513381035393114	0.9928075882773858	0.9946672437033278	0.987920841757994
1.4578595451633565	7.654628443305572	7.711074021194874	0.567925208199872	1.0561739269698922	1.1857869653522088	0.7680118437251592	0.7112797445225084	0.6553707118636856	0.09561345137791764	0.09109225723109986	0.08214559632833685	0.9998781555036111	0.9993596134734246	0.9993557588980158
38.01851777706601	22.411715246636785	51.34647791027374	3.943806053811658	2.7420723894939174	4.594522310925222	0.3024915377574848	0.4345891548406438	0.2763406902858076	0.02297898906666463	0.029758098547896048	0.021493181279960905	0.9945892334613721	0.9967968637006431	0.9926682483853417
20.007226937860338	20.25228219090326	45.4194132196505	3.0870635810377958	2.9613629083920543	4.570170323151479	0.3400726653035083	0.3850932588130578	0.28054432065930823	0.03716860795356266	0.042876441235596016	0.03359457125935134	0.9936690694391774	0.9936010685531973	0.9856216468002402
23.783091768097364	17.963705156950674	52.34406483138613	2.3653707559256905	2.4049687700192193	3.7966981037221714	0.4823831593595838	0.4534595564598455	0.3731878009757546	0.047714796124352185	0.04447396102100465	0.039235640141142156	0.9968381865860017	0.9976154968663431	0.9929923279877974
14.830056854580402	25.830297085201806	40.49152406040744	2.5398983023702772	3.483243914157595	4.301574533974141	0.3914201058456116	0.32624767386820835	0.2847551283633911	0.035623449697988224	0.032197718790726026	0.02936724469237776	0.9958813281690674	0.9928424008129528	0.9887709018465943
19.921564702114026	20.128002882767454	35.580385690442185	2.830116912235746	2.9172805893657947	3.9337006575639966	0.37859423663565095	0.3620402356890936	0.29496108246784875	0.024404301780996333	0.023478634645956616	0.020567841011442056	0.9972044654132358	0.9971808062181393	0.995011972821094
23.686839365791165	25.11186739269699	51.301333226085355	3.0912676169122344	3.093329596412559	4.676426230167502	0.38574104996139713	0.3724962829744912	0.2821335025209156	0.028982449725049004	0.027823343299181753	0.02296734183308188	0.9954965739918836	0.9952083433658259	0.9902154783351563
24.306594330557314	16.820327514413826	40.42972913189488	3.2207919602818698	2.724555573350418	4.2591244545436275	0.33881649686205345	0.36339466552155586	0.26851484479257437	0.03386751540086422	0.03572170798842966	0.029171610434446778	0.9898098528833779	0.9929467914420095	0.9830801854183148
10.575332319026264	13.914337764253686	24.74918055862775	1.7160674247277399	2.389273702754642	3.0869311669247326	0.5689277902745803	0.3995979557431138	0.3506346633869849	0.0537065953737602	0.03556874040242976	0.033569657859424624	0.9970951912668669	0.9961926959745306	0.9932188363871901
60.04776585522102	26.081398142216532	88.9131291600475	4.98510570147342	2.8216688020499654	6.12369040197872	0.2727422485930886	0.45853813592335174	0.24248711697177155	0.03627036287255802	0.053594825973257265	0.03423300091988321	0.9882123905962329	0.9948972441164577	0.982592843110452
9.888312780269068	7.89323750800769	17.264332683142648	1.6959681294042275	1.1693425688661117	2.3427778559794104	0.6069574318876525	0.6719383069680179	0.4956971972730107	0.057287507746832084	0.0542667213855526	0.04582167241318015	0.9974799332195586	0.9979880745297478	0.9955944995809434
43.097773862908376	51.49785794362593	95.20497094250845	4.180773542600896	4.949971973094175	7.013573568742589	0.30356356748150043	0.2522765047993808	0.1740404508272937	0.021070695796255208	0.01847880137393277	0.015854233596135345	0.9952012919013666	0.994225996958624	0.9893584658005449
17.69929131966688	18.48840887251761	35.25065856944636	2.6481221973094184	2.654928731582322	3.9181564077298967	0.3917796173235812	0.41503354822808053	0.29589115084608847	0.03760888457006261	0.03538542259253456	0.030506326475312123	0.9978671198833461	0.9977750897731055	0.995757493262413
6.662896380525303	11.482523222293402	18.60117838685677	1.592588885329917	2.2580277065983343	2.8473124333889666	0.5116454462668676	0.3959905913138506	0.33582563549963984	0.042335819416651335	0.03469574579907049	0.031411572719213826	0.9952906933879978	0.991863890766924	0.9868181217134463
25.362808295964108	27.11717248558618	53.00838544913432	3.2838524983984576	3.285974535554133	4.829777393472621	0.3367964716687851	0.3588113699752713	0.2513976768937579	0.025449423088247894	0.026800799262063395	0.021459911291135163	0.9973389598678115	0.9971505497028439	0.9944302772643021
5.833219891095452	10.498218289557977	15.512397192784888	1.7459360986547081	2.118894138372838	2.7924953246596567	0.4348275183346956	0.4139359951039864	0.3232762702666954	0.049193582774642496	0.047816214429400095	0.04069303827684558	0.9980632408442323	0.9965134459438464	0.9948398960790384
4.811639173606662	10.444406630365162	15.538880733575988	1.1661795323510573	1.969350576553492	2.4066239015463817	0.641464116206035	0.5184299012670951	0.472230699865681	0.06911642055442936	0.060782390815873784	0.0556539487808006	0.9979408423796942	0.9955224450626814	0.9933357469612154
17.60484064702114	20.287255765534926	36.44467011200708	2.781250000000001	2.978799647661755	4.24068451004444	0.34833457391068584	0.3772536309602567	0.260711637420413	0.0271225097044064	0.02813851595897484	0.02272436069364963	0.9944786170415286	0.9936104512490604	0.9885142513451348
47.75774743754004	32.38202674567589	79.07410163083918	4.97631726457399	4.089826233183856	6.445776106497216	0.21181201123351232	0.2427175984410977	0.16963466054621626	0.020677866145045642	0.02266363864035137	0.018296618040642674	0.9861789999869391	0.9905783482192376	0.9769620701243923
11.003283151825762	28.590647021140285	38.16469263407667	1.4634849455477266	2.8449711723254354	3.2326811317339974	0.6155295832537043	0.4559387167897935	0.4401306264783846	0.08393121737706616	0.07030290920833746	0.06818205294817695	0.9990120497646404	0.997432592421208	0.996567182170586
37.534973574631664	31.23922966047407	67.89008425667114	3.842108424087121	3.4291319666880224	5.40742826117557	0.36573427757185684	0.3970307082632857	0.299092552137299	0.02868347094498668	0.030888080903907298	0.025641683664263785	0.9953347600405039	0.9961051097373469	0.9915388528566182
30.504444266495877	31.679332158872526	58.42397796054619	4.077274183215893	4.115831197950029	5.6857366928753805	0.2471539759245967	0.24799241193688928	0.18537495384013028	0.019733243292438012	0.020008750666534823	0.016886913341546513	0.9920726514835551	0.9917853374354859	0.9848064696986248
22.164137572069176	15.57270980140935	27.753926280439966	2.879224055092889	2.3723975016015393	3.345472460737195	0.39519027051290606	0.45511949294524584	0.3486220046537128	0.03751491504939202	0.04212997791947797	0.033965121136231693	0.9983411664696928	0.9988344808400612	0.9979220810742736
18.77724615631005	33.93770019218445	46.41609523618007	2.1057615310698283	3.090927290198587	3.672786502845418	0.5802668747356947	0.4932121347326459	0.45397756747691725	0.08130130331059149	0.07162350963442982	0.06725757305279757	0.9971971537066212	0.9949623366883106	0.9930839036346217
16.766756085842413	27.602418321588722	42.686058436727045	2.6532871556694455	3.7175288276745677	4.552735828188779	0.39144940389499583	0.28009635157030643	0.2428803960274835	0.02678665313768949	0.02185930446470437	0.019887247925906147	0.9964328754381339	0.9941277829204813	0.9909230618815061
8.87105621396541	28.34611226777707	41.16869432323191	1.6981702434336958	3.180233023702753	3.8715035492368655	0.5486775525441484	0.425255026434101	0.382933748659543	0.06469834792827242	0.05524854929433407	0.05033697726345664	0.9961333841355916	0.9876670074836615	0.9820869443514478
23.415699071108268	5.320707879564384	26.370608699149393	2.689361787315824	1.5189381806534274	3.1110217378189793	0.42070946622101824	0.5103449793192749	0.3739247627366886	0.061340116917643205	0.06513780716944621	0.05857390885680792	0.9979339449848016	0.9995308259173233	0.9976725252086642
17.219370595771935	15.09531149903908	30.283154698465687	2.739149583600256	2.292861146700837	3.642884433630276	0.38551119053204896	0.46691992237526214	0.32333867641080966	0.03554710876564963	0.04136458144384216	0.03156103692717667	0.9960611984808052	0.9965358462520648	0.993059990298551
6.919983183856503	10.588304772581674	18.776307587122197	1.7104620435618192	2.2612708199871876	2.9945705725029645	0.4688159184151373	0.3863995479261084	0.31083290854544965	0.03748280177911673	0.03233509716623839	0.02832415767991168	0.9962438329990303	0.9942395348530906	0.9897826044871273
6.041700032030748	7.014974375400386	11.129119829475759	1.3566423766816134	1.6292440743113394	2.02211988980273	0.5836528633503291	0.5184480300595856	0.4689563273727982	0.051731922658255214	0.04605631029354574	0.04309377591779457	0.9985014188550639	0.9982605838370094	0.9972397094711226
20.632607303010886	16.75764734144779	34.29359126465442	2.996036194746957	2.500360345932096	3.788936033300487	0.3600564028506905	0.42908069690273076	0.30181834273260955	0.023800089305016425	0.028233823528286867	0.021531635505900055	0.997420286315088	0.9979007168934826	0.9957142637013722
18.826853779628426	15.249019058295968	41.874519897846305	2.4749959961563093	2.3196468609865493	3.907176898791445	0.4780745712364857	0.45936584189911095	0.3610446538545584	0.035594820628168884	0.03406793696542914	0.028726476279761538	0.9966162769871161	0.9972538797779718	0.9924637025189548
36.16225576553494	44.91205557335041	80.56166422007284	4.017076393337605	4.5170363549007035	6.1114239176335765	0.30569888970565884	0.26448380555253476	0.2150686082942347	0.031167476879721115	0.027752991351076717	0.02433168766374635	0.9932847520975618	0.9916657099546354	0.9850613464811455
27.60325912876361	45.58636290839206	79.03521084276778	3.7602498398462534	4.971012171684818	6.604355607392062	0.28731990432127913	0.22668828519848608	0.18263728286356168	0.027192654232062772	0.023140839732702066	0.020458345993449808	0.9927735296013731	0.9880583485672841	0.9792818244700393
41.11653187059575	24.481862588084574	64.90876550905908	4.049547565663039	3.145579756566305	5.246596553318989	0.2872759249415317	0.3346937976080628	0.2322340006933584	0.0294580809803114	0.032383909140785726	0.025863496422037145	0.988684757851513	0.9932478086954302	0.9821511053013361
68.78731582319028	67.74973975016016	113.38285507450387	5.979740550928893	5.836743273542603	7.7599790866496425	0.2065372414671143	0.21193598315122533	0.16729898792004158	0.020174019126804905	0.02011487197613901	0.017801699130616334	0.9898517593797547	0.9899897768667048	0.9832423024021713
20.55164958360025	15.886871396540673	39.167286693880854	2.9467488789237684	2.5527906790518897	4.216372740252166	0.3657744038544032	0.4003548383214989	0.2781983528415705	0.028043073834761095	0.029510545101144342	0.023133578186274147	0.9936867047713264	0.9951345261237701	0.9879662972821623
14.067524823830873	23.715426809737345	37.91172153069636	2.260189782190901	3.1536475016015384	3.8721470369402136	0.4484368346391877	0.35947157089691983	0.31589250121537127	0.03339297750950529	0.02842635971264557	0.02581123891333332	0.9978497050613063	0.9963753341652074	0.994215006415307
60.57284993593852	45.94454676489437	105.8282088921955	5.2379284112748214	4.60385970531711	7.021476402099368	0.2431815587301146	0.26421801189467387	0.1884666212137471	0.020377946851290994	0.02145275272340513	0.01737779840120608	0.9855433523329543	0.9890356924853683	0.9747438230729841
52.13875320307496	74.41325672645736	122.78055058416611	4.3755805573350415	5.708700352338245	7.886665728247099	0.3294453949955639	0.2554159957519027	0.18043296989490523	0.024927243186065356	0.02115922484298805	0.0176445422168002	0.9926726630787629	0.9895480967395179	0.9827216405833407
38.42692985265855	17.837323830877683	55.708459852400026	4.472693786034594	2.9151185137732227	5.444348368155397	0.24299309343771155	0.3586547925874083	0.20979958609160362	0.020517814088213977	0.02502972388619024	0.018355708799251712	0.9895987707809223	0.9951607057361581	0.9848877771418318
9.20395579756566	7.154147982062779	15.70673047919724	1.8020499679692517	1.6680813581037792	2.449838122624625	0.5132769195398792	0.521410567324047	0.44547413862451346	0.05247638805240103	0.050904180420069854	0.046269664663227524	0.9960376080388113	0.9969227173706142	0.9932542242925236
45.174147181294046	48.555833600256264	90.94946610629619	4.402286194746956	4.72251361306855	6.629491845804263	0.26248458550907516	0.24353805284640037	0.1831117928054439	0.021593184115412157	0.020693084752642647	0.017382893659961776	0.9879246782207406	0.9870501960285443	0.9757136049427604
112.11194746957072	78.59467088404865	183.13686179090675	7.241672005124915	6.015554932735423	9.427034527137085	0.18261379866763822	0.21362564562278416	0.14397640186232516	0.017637766515332897	0.01892981453904125	0.015264041986406799	0.9858060187073072	0.9900308474485621	0.9767930948334809
16.611286835361955	5.5021420563741135	19.176677592551634	2.4538156630365147	1.451973894939141	2.798105733073258	0.4060197592395237	0.5333035644265856	0.3607356445412706	0.03190559132843691	0.03835686956761624	0.029269742982365544	0.997814674933297	0.9992759242272937	0.9974736814282938
21.072849935938493	18.43503763613068	40.77765488950106	2.7405309096732844	2.4707118834080717	3.626173862333847	0.409691419359625	0.4393751894476017	0.3576157501260417	0.03159765546015031	0.03344247142724786	0.028291627705781468	0.9949463997096558	0.9955840441422061	0.990229232783563
13.68509769378603	13.580397181294034	26.422248587343393	2.2230941704035883	2.4228058936579093	3.3117899012648553	0.45482390666143324	0.3981384190161339	0.33623386935173305	0.03785438087408201	0.034339746827836665	0.029953305274465835	0.9944867049755052	0.9945218166849248	0.989344593503028
7.9406029788596975	5.619094330557338	12.17545094411711	2.013192664958361	1.70417600896861	2.6061855255484714	0.4100470407860737	0.44897021756268674	0.3265009350856388	0.041103533715307415	0.04427422716751034	0.03554588201304434	0.990280606821273	0.9931101938629185	0.9850817980439767
19.774663677130036	18.145599775784746	31.208791650747045	2.960001601537478	2.865330717488789	3.8226789197450195	0.3430500822555651	0.3417062975071019	0.2718410272184136	0.024929015673415773	0.025245639422685633	0.02160270510751763	0.9953951044145497	0.9957766747542687	0.9927234722850541
25.27610506085839	18.157190903267146	42.219529851796715	3.5279067905188968	2.882447149263293	4.550362967282672	0.2844642132608294	0.3613672814085469	0.2414747292580467	0.02857144021376874	0.03294749811171731	0.025862679488988072	0.9939006680230885	0.9956232007162207	0.9898383958042584
3.8405469250480513	2.9052290198590667	6.283235134428603	1.1466407751441392	0.9461883408071757	1.486597357678619	0.5963491387582364	0.6525646219034897	0.5278911297150601	0.08586314089955281	0.09335600262937255	0.07657038952222157	0.9852524633053572	0.9888379231329487	0.9758418114263194
51.93059336963484	10.938641095451628	53.523437028695454	4.839345771941062	2.231762491992312	4.974421363791751	0.25563029540024595	0.41492895203919267	0.24163779722423318	0.02187650876350404	0.02924454957205524	0.020755362080267525	0.9913728824754245	0.9981797322600741	0.9911158990029805
23.63278747597694	14.165258648302373	44.029479780409844	2.65725096092249	1.8660113709160795	3.6919302620201533	0.46252709495658884	0.5427777267039446	0.38509092046409565	0.040191062795784535	0.04748636472838335	0.03557391859202544	0.9938923939542832	0.9963252373165937	0.9886024863724564
27.8924367392697	27.964686098654713	81.71477407548913	3.0987948430493275	3.080797565663034	5.183172796557343	0.41912328758461853	0.4437190683623376	0.33596769933499776	0.042325994487986164	0.046150481922938684	0.03706704503193202	0.9967783280260918	0.9967672967540766	0.9905670074610052
17.687960442024348	8.18127402306214	27.0781234289851	2.601517456758487	1.7689581998718769	3.339218564620241	0.4129914849393789	0.49998493101458236	0.3538753233683001	0.037438277571859996	0.04234250218939444	0.033471359194544116	0.993538008839064	0.9970154775322839	0.9901033813758214
18.658692344650877	4.770239429852656	21.244163365440663	2.7515414798206295	1.4245075272261372	3.0806772708077776	0.39399349080523094	0.527570975940349	0.3504326785932877	0.027647265478329047	0.03441855911691801	0.025661715673862988	0.9970405531322999	0.9992414253418059	0.9966203135625773
11.444526745675851	11.70247437540038	23.164109473345537	2.096752882767456	1.9200432415118498	2.8890184801624774	0.44999001976301933	0.4842600349021939	0.3853891201179307	0.031826222690243516	0.0338613259477756	0.02877369969484391	0.9985082279394296	0.9984809363126075	0.9969825273942441
29.515314702114015	11.220531710442032	42.57216111323369	2.9025664638052513	1.7436739269698904	3.6297331536930164	0.41055774282671176	0.5533714823590269	0.3532255921183883	0.03423447031699043	0.043032361298260755	0.03056356894582917	0.9979242241930731	0.9992086348757064	0.9970009035668961
76.61348894939141	49.70281470211408	129.01652959037978	6.528367232543235	5.067644939141578	8.485129401355346	0.16121039134736054	0.2118546377221591	0.1245878125266033	0.014696499452962948	0.016934330133268092	0.012978262230624033	0.9868878402361765	0.991514542096478	0.9779019567219791
76.55172966047404	99.54296124279307	165.26972189265808	6.458119795003196	7.381846572709801	9.587484164169798	0.16670652139526168	0.15481274335842057	0.11904045696140472	0.017010075580979445	0.016627301710115477	0.014367842214213512	0.9876970788684433	0.9840031819842002	0.9734451445262194
40.61585121716848	29.534473094170384	71.33288423254035	3.9120956117873162	3.369995195387571	5.3137002553841866	0.3516616650212217	0.37530736319228497	0.2898204783464861	0.07253597707022788	0.07215436651321164	0.0675691473340466	0.994979799339668	0.9963513050250119	0.9911608872308524
54.384208840486885	33.31247998078157	85.79991554223892	5.364670083279952	4.107523222293402	6.821210963421749	0.20602860731476447	0.2647831452528988	0.1651942998938098	0.01529367404043499	0.01759846442161915	0.013597462515706425	0.9920486830875412	0.9951432073901392	0.987456060546016
63.49597613709155	20.109485105701456	83.14599127269803	4.499299327354258	2.6141696028187065	5.53252629250538	0.3557143745477181	0.4495616904552343	0.30178432701386526	0.0549702130783987	0.05731799236310144	0.05203006960782594	0.9947144432610255	0.9983251815896957	0.9930776099335857
13.675568545803966	8.529948750800768	18.61881397172676	1.9735345932094819	1.5280269058295979	2.3502382915401485	0.49877480896284054	0.5732091109983536	0.4488011414329677	0.05658651034177098	0.06499483994101835	0.05228447994664018	0.9943089887541264	0.9964505043859898	0.9922772289580588
14.883087764253686	11.499959961563098	29.331496712180048	2.5096492632927623	2.040118513773225	3.308652898711015	0.38744461686109083	0.4757041147329741	0.3488957253839662	0.03362490707807676	0.03948153801154981	0.03125207596805039	0.9961316754411418	0.9970089211366722	0.9923603938111533
11.218269538757209	15.801549487508016	26.936073518470103	2.1649783792440735	2.8035514093529814	3.5812503770435753	0.41953700093928165	0.33269043834343287	0.28118891823581715	0.03168332423047367	0.027095570295786894	0.024557392253271363	0.9951329715157333	0.9931057006336915	0.9882607558884245
12.944286515054449	16.883728379244083	26.057531822477824	2.4026465406790507	2.7809497117232547	3.588469504715557	0.39918882323765453	0.3633942735737423	0.2850073901775261	0.024627520162508607	0.023576095642272366	0.020188986052610707	0.9978317446383596	0.9971603256942257	0.9956151697105671
25.53427290198591	17.95047245355541	39.04904582838988	3.4923126201153134	3.1618353619474666	4.577932393573166	0.28145228486526824	0.28328310652563016	0.21765783404518457	0.02396269926035882	0.023909945824123372	0.020453013527572072	0.9930201374219628	0.9950653724786024	0.9892543484752055
23.003443305573324	17.015334721332497	44.45695670534299	2.8762812299807807	2.593089365791158	4.22461742645137	0.4061731404240944	0.4158775195359739	0.3063833159426423	0.045527177813954864	0.04452597773481507	0.03697339130749556	0.9936286848960576	0.9952897700801635	0.9877134456029298
26.24503523382446	13.099095131326067	43.97273220857044	2.825232222934016	2.1393337604099907	3.6971585996098852	0.43513074867152357	0.4707828057318752	0.37403052407616666	0.06988924202084042	0.07038041324029366	0.06670901647529366	0.998306839013402	0.9991554830313453	0.9971644272423751
0.5155949711723254	12.84130765534913	13.274206197590937	0.3776625560538116	2.0289277706598328	2.0870116028876495	0.8243775723116596	0.5009841021906557	0.4862242102466242	0.07179448997896261	0.04966848786836746	0.0480907511813563	0.9998889755155947	0.9972269343226423	0.997135335799149
49.298866912235724	38.71690823190256	101.16308391481843	4.496736867392697	3.9850056053811604	6.491202316555732	0.30714667605029233	0.331842535134237	0.24605609839931744	0.03790366098386098	0.0417352526150865	0.03329901929970639	0.9938455468731998	0.9951617930121558	0.9873817092886696
7.2404308135810345	14.760169762972449	19.579722093748114	1.8108584240871235	2.4880285073670727	2.9825252870558416	0.46510229853114093	0.3859599341868638	0.33722709528847755	0.05276702382015091	0.044969410182618	0.040940539647231086	0.9982862904440717	0.9965042320411931	0.9953618833691386
12.457799487508007	28.080777546444633	42.00721912767201	1.8486547085201803	3.1982903587443983	3.9745621267268594	0.5422938751400832	0.37684721652181374	0.3315061407368976	0.06049852365055626	0.054220276468634816	0.051359374062188504	0.9990631066412055	0.997884765092913	0.9968327399869797
29.7564461883408	21.59555172966047	49.15512075448932	3.3816463805253028	2.951333279948752	4.4494158338192955	0.383519955533686	0.40022341467305167	0.31218463029868926	0.0404234000611224	0.04150412014581507	0.034564597133275074	0.9925247054370975	0.9945708601315056	0.9876701819020132
25.3855100896861	19.4108744394619	42.371714693639504	2.520719891095452	2.7208520179372195	3.9596814735868366	0.5476291667618991	0.42183273853396736	0.35191137990181476	0.04759336044174333	0.03781520146566113	0.03374915943512452	0.9933817645350714	0.9949588593382915	0.9889729260454272
13.69430653427291	14.04514333760411	29.016811116250075	2.4030269058295963	2.296424567584881	3.3147459229021328	0.4103449496168597	0.43002520654045695	0.33836134719040806	0.02817619478233849	0.028632273295146744	0.02447679700311487	0.997412950861363	0.9973426458274246	0.9945140035936118
16.278827674567598	18.086442985265844	32.68963783707693	2.4103939782190915	2.8169442664958324	3.7828027911279127	0.40494733071070976	0.33591065293034067	0.27231550072298816	0.03568447448614824	0.030776890415593346	0.027097370526495048	0.9970287419410214	0.996698736018307	0.9940510435952703
14.093249519538771	19.218489750160185	33.61185626093426	2.182174887892378	2.629043882126844	3.7150958193408266	0.513049988193673	0.44765384481814047	0.36933475877378263	0.05420899401976622	0.04852851803193704	0.04375779916024351	0.9971833022157255	0.9961693837537526	0.9932885554082588
33.84843449711724	38.09563180653429	31.635323453115888	4.028927770659838	4.264073510570148	3.96732289006415	0.3065869381741491	0.2939901058271431	0.28742125340583646	0.030797796252755003	0.02995930720457208	0.028967145978046744	0.9868706945304472	0.985210535521715	0.9877283002720556
21.871937059577178	14.563540999359377	33.582979750246324	3.1355501281229987	2.527586483023703	3.8996561362585167	0.3263596132777515	0.37737825267829556	0.27538070504098083	0.02819189690293708	0.03111609025820486	0.025268533195857003	0.9953721160668754	0.996917855856029	0.992907087546512
51.81237988468928	24.28681534272903	73.50493675722406	4.650624599615627	2.981842568866112	6.023829154014757	0.30256228514745953	0.4012412081444196	0.21617518704650315	0.022567675702282904	0.02843932033120892	0.019804206570912385	0.990511299456063	0.9955504440090316	0.9865506524043395
17.063761210762337	10.462944426649587	26.199461079048444	2.7281189942344657	2.1379123959000643	3.4349172515031503	0.3847560889472283	0.4413496602190854	0.3324334315127747	0.03728822211762644	0.04081189087769013	0.03328882011087579	0.9927958058191433	0.9956022542734112	0.9889375492756303
89.56800528507364	43.37387892376684	130.51462929075583	6.935037636130688	4.6416559897501575	8.419031148826624	0.16804089082248097	0.25185134599540593	0.14084623928594667	0.01842421326133706	0.022546164290406335	0.016642057855334243	0.9793470977998174	0.9900027024257445	0.9699304126575934
20.079155989750166	12.687840326713646	31.884996682016528	2.4524743754003846	2.130104900704678	3.351666029881962	0.46753320165105444	0.4519157260206882	0.36412627568093303	0.03968936406449134	0.03728519378119768	0.0323973752266525	0.9958494075467934	0.997368050133813	0.9933863196220428
66.58782431133889	34.18271540679054	96.34271752900723	5.765755124919923	4.218029308135809	7.2169357919926025	0.19244994149133227	0.23899835543188713	0.15009098060667328	0.01748084184627284	0.01984344881903599	0.015349345554861529	0.9801584510694803	0.989818306344688	0.9712606376824856
41.46090246636773	28.52652546444585	66.27062679724109	3.657451153106985	3.0765735105701477	4.973757767097672	0.3475379635197799	0.3937139277760824	0.2717657548370862	0.02582323211624351	0.02680121796029853	0.02123421347188232	0.9966312157811734	0.9976821969073226	0.9946101044232711
16.248018097373482	10.875200192184503	28.930905507852554	2.7035754324151196	2.249119154388214	3.6483942970902286	0.34975340548351	0.3861522701302985	0.27457247100975196	0.02844166656533783	0.03132518361559965	0.02468572117692633	0.9928796217839267	0.9952195763387733	0.9873094687819578
28.407931614349764	58.908291960281815	84.03139013452915	3.3846692825112106	4.684236867392693	6.000945122564298	0.34037573497907	0.3134541840494486	0.22521123216842	0.022946356191103728	0.023143922254812665	0.018526454739247942	0.9956035991450833	0.9909037057342781	0.9869983925997079
9.434817424727736	19.256966688020498	25.355808481972282	1.8666720051249195	2.776385329916721	3.2358784612600293	0.4938090061934762	0.3903536290249169	0.35435762910430696	0.03710257410550651	0.0306701940298152	0.02955771974294937	0.9985557779609764	0.997053047987087	0.9961163611581476
6.628503363228699	34.37960442024342	41.064831386112736	1.4926929852658544	3.839886290839204	4.3085724627480975	0.5557131544391852	0.3134478000895716	0.28411148179270174	0.047206168210678676	0.030173774004381416	0.028418667864941224	0.9989391200986669	0.994489984176184	0.9934185083993
33.379664477898764	18.97177290198593	62.113977759456226	3.2596292440743104	2.2250160153747633	4.397876490578936	0.39100248655334313	0.5099088152617571	0.34974259191567275	0.03777317255903554	0.045742610918569675	0.035075876254527655	0.9944968237040434	0.9968674245244489	0.9897353330018706
11.045483664317732	17.363488949391414	27.93812463552453	2.340647021140294	2.748218289557977	3.901445836433471	0.38117638527541714	0.35225642131467316	0.23851571789071713	0.03633752580191878	0.03509019525559429	0.02812139002804226	0.9899020004607498	0.9839830748314067	0.9742711700498959
54.62075592568864	61.88292761050613	119.33714733857508	5.630164958360021	5.984385009609228	8.42419915944419	0.17635767211479464	0.1656890098362171	0.11892529150292186	0.01739651653522074	0.01681201402692406	0.01427768788199307	0.9849902524519576	0.9829964887759541	0.9672514004948994
36.90102498398465	26.64435858424088	72.69255364073275	4.126201153106985	3.420263452914799	5.7496832833960045	0.2801927758531523	0.3158404701805239	0.21289310823347404	0.01875113216526489	0.020582448663521484	0.016052189996778578	0.9948387030232128	0.9962726998409345	0.9898104256046101
22.3984024663677	11.42963244714926	31.852038046210478	2.5328915759128776	1.8360225816784115	3.1331416276217126	0.5108384800635796	0.5652181130088422	0.4634373612140857	0.07139169215205189	0.0807039726991204	0.06787372719963544	0.9980678403962436	0.9990168028715134	0.997257935660716
25.979240070467654	52.39387812299811	79.842767801484	2.836382927610508	4.3564021460602165	5.405155945223108	0.4514587740785321	0.354289986870303	0.31115171368641326	0.035930094292363775	0.02930319896161615	0.026889514274391565	0.9956192533066491	0.9911696588149986	0.9865591761185312
9.224115150544527	15.237007527226142	23.590761929658754	2.030609385009611	2.7653947789878295	3.445735888515756	0.42391439113007345	0.33291591533037446	0.2811666452760374	0.03234296655405	0.027452020750410176	0.024767318250165326	0.995872609443955	0.9931522263328988	0.9894038500735761
22.786695227418317	17.71360506085842	27.189326147720656	2.8682535233824464	2.5395179372197307	3.250739005409318	0.445326801627127	0.46638800501919614	0.38632306556662305	0.05225808478553899	0.05187482081205635	0.04464932757954798	0.9938110953031568	0.9951948261607956	0.9926214979360354
14.416059417040358	15.903927770659829	30.73755756198597	2.6219770980140966	2.6045603779628483	3.7465864988236244	0.3615849994910346	0.383119496626074	0.2937501981826	0.02653085775491717	0.027370459666406555	0.022814126336793476	0.9967126212222299	0.9963893303667181	0.9929970018723304
29.414878283151793	30.3742392696989	52.683886665728224	3.1950272261370904	3.2221732863548986	4.459269239276873	0.3636217307250917	0.386206483090885	0.28868670784052336	0.03390412010659165	0.03628540639941719	0.029259977360328523	0.9972576189979012	0.9971653104341304	0.9950845971930162
38.10534112748235	25.084541159513144	59.716965955478706	4.425728699551566	3.445127322229341	5.370809789056686	0.2450632079512007	0.30309514758808165	0.2184020329437424	0.01908195946662522	0.021611175162997702	0.017512881812723723	0.9912993422754877	0.9942716993938433	0.986324183085528
33.03287155669444	23.031189942344657	63.70443805425407	3.8171044202434343	3.002842729019857	5.202718735546668	0.30011635751180654	0.38055225743131427	0.24690437771728183	0.02641929743490637	0.03172092699958294	0.023264577104253455	0.9896016690600098	0.9927491563203091	0.9798863959179696
52.83426089045478	47.04744554772578	101.45878662349949	4.5322109224855875	4.393657911595126	6.663315168211716	0.32273785057395166	0.30895537895842334	0.23183693338595843	0.025423465564630817	0.02376736973454178	0.020438664812083333	0.9922187227073996	0.9930631896987593	0.9850487814245694
25.663076553491333	19.22509609224855	46.37446962536952	3.7062379884689274	3.136611146700833	4.983973134388388	0.25625632886141686	0.3017564430538094	0.20828006360847381	0.022994275095240713	0.02512717768147788	0.02012407686834718	0.9924514859425119	0.9943326294237691	0.9863542047853296
25.79230060858426	18.26955877642536	45.34726216091211	3.7082198910954536	3.0951113068545806	5.000784250638457	0.2599448512115899	0.30035875948713786	0.20198890420217727	0.025815191654027857	0.0280768343311136	0.02218186663528171	0.9875532157007875	0.9911894495592309	0.9781378230375066
20.298526585522104	16.151565502882764	37.156126204025824	3.0215807174887903	2.6368313581037772	4.152325604777894	0.3373120521553011	0.37893813172553953	0.266806801288342	0.03066810322977547	0.033215280105981064	0.026513717622167143	0.9926116621491508	0.994120118131738	0.9864676011871254
5.481121877001918	17.964706117873142	23.71714693639527	1.1472813901345278	1.9565382767456763	2.6229765328078196	0.678822785028235	0.5834162704871861	0.4861858469540507	0.06137602953074569	0.05127264020701229	0.045915814565643066	0.9995200083203643	0.9984290342671257	0.9979241584488948
17.451813741191554	38.79498318385648	55.22542178608054	2.4319947149263292	3.960462043561817	4.7459832291017285	0.47332475599935325	0.3429075392552403	0.3012283630653071	0.06634764201946379	0.0612426879201667	0.058917915288441286	0.9987517860542436	0.9972136628336523	0.9960297583075458
38.268577834721334	17.72950032030752	56.06728468298173	3.903747597693786	2.689061499039079	4.819441372237529	0.3358962114351729	0.4088207083580907	0.28885987583443085	0.033638441150514294	0.039671954430632636	0.03042618883250793	0.9939252214710157	0.9971859883387114	0.9910929232494292
34.011210762331864	21.174367392696972	53.92746687043777	3.834721332479183	3.166279628443305	5.22099780812001	0.3205649931390371	0.30899399442740766	0.21300018494835196	0.02812889335380028	0.02753459927558564	0.022150493710594254	0.9848857166827631	0.9905821107468524	0.976059565387767
32.12900384368994	24.00394378603457	54.778338595185936	4.027746636771299	3.506466207559255	5.351605702909771	0.26964088254249985	0.2880650014550628	0.20723622225756044	0.0197038337650802	0.020560512176421415	0.016969831802359368	0.9956337698753499	0.996734441488561	0.9925430940969618
13.905849615631007	7.560237828315181	20.65412535944822	1.9056494234465082	1.5179572389493907	2.504273160530073	0.5666123843280682	0.5885739371354759	0.4909928216812388	0.10835715215108853	0.11461398918647633	0.10233388328571026	0.9973778758627857	0.998575348245982	0.9961083252950039
3.7095011210762325	2.2916399743754003	6.197691487864222	0.33249919923126203	0.6339285714285712	0.8188984294878241	0.9307134825254519	0.7781241213122663	0.7600052240579959	0.2745229071910731	0.22529601449185974	0.21853997474658854	0.9800929216044939	0.9877050859722198	0.9668681124117166
40.31037796284434	28.943846092248545	69.0149409801122	4.7583680333119815	3.930393177450352	6.206961732590641	0.20183552291835827	0.2503203580514972	0.16673585321405823	0.017967730909354995	0.01982315100827969	0.015775070666790743	0.9895607454893974	0.992511665517773	0.9821501396348055
4.705937700192177	53.32327033952594	59.81369020088881	0.5035434016655985	2.125480461242792	2.2365018399726524	0.9012669650493421	0.8454653980580399	0.8432544814857209	0.7603744760967568	0.7566597647767184	0.7559014786852746	0.9989238131269025	0.9878558976836247	0.9863773494257742
7.155569346572708	7.018477738629082	10.194333286412359	1.3408672325432416	1.6223774823830888	2.010175149309256	0.5992967845169773	0.5281634724627877	0.45816032681805574	0.07946531869399856	0.06963120896351041	0.06179560742445715	0.9894235622551548	0.9896327661405427	0.9849668901823303
44.95992152466363	17.627222133247923	62.59578917734122	4.3077354260089695	2.746016175528509	5.408916326489577	0.30173260009841235	0.36527829519589144	0.23238332048770358	0.02255468602716362	0.026059782610143415	0.019200748396093644	0.9924084459176397	0.9970244708706371	0.9894529755745948
57.38428891736066	58.40879244074315	88.14914838424265	5.3917761050608615	5.323310377962845	6.644070864083333	0.21683965488955553	0.22199955066788213	0.17722858402580902	0.01684543779561063	0.017227325547462674	0.015071933372565455	0.9919626711074746	0.9918127588082928	0.9876434475159772
48.43549807815503	44.602678571428555	94.38689698164045	4.989469891095447	4.836783311979499	7.0407609242092075	0.22049607390313447	0.22464491557376962	0.16541319680855962	0.018539558151359374	0.019058779615577233	0.015836618580170395	0.989729068866008	0.9905173172169952	0.9799367376385957
29.778407270980146	8.065022421524663	39.91530093104628	3.39660073670724	1.8626681614349774	4.0114219067344985	0.3380941383062062	0.46221790502371873	0.29569285524279587	0.02487984168048338	0.03078639482872518	0.022764447769519424	0.9944561359731571	0.9985068998080712	0.9925670592634958
45.25256245996154	27.37540038436902	74.26101469967216	3.917520819987187	3.1897021140294655	5.173761788895817	0.3702229912962863	0.40112668052879163	0.3064958416741348	0.08306879109963212	0.08353027354428536	0.07708177345526585	0.995848581256236	0.9974837936266766	0.9931812023796145
34.65018417680971	23.18591848174247	62.10850811397774	4.380605381165921	3.5014213645099277	5.847533632287	0.2309848810446268	0.2744871245442568	0.17729143593602414	0.020214370514653104	0.022551967240954512	0.01753001771465338	0.9876442583739045	0.9917045436451409	0.977804119024838
4.568005285073669	10.477458360025613	11.893422349132303	1.147321428571427	1.3340006406149896	1.6394457962154898	0.6506671780737372	0.6785688359440764	0.5995047481865344	0.25322545471472707	0.25101685779892446	0.24933351036894913	0.999496978594255	0.9988452572765412	0.9986904648717054
33.477578475336344	48.30583360025628	79.1986567194193	4.173606662395904	5.266435778347213	6.861710470751473	0.24275618116361575	0.1913973970680248	0.1468106045737643	0.022622438768647796	0.020082918354348955	0.017468562305585085	0.9825815732735933	0.974844333308618	0.958820404711117
24.16319666880205	12.286675208199862	35.41515011361582	1.8706358103779614	1.4552370275464426	2.5107281465543254	0.7006499693590746	0.7075531690820398	0.6431662671448587	0.2606254638633226	0.2546835627961541	0.24456206063105387	0.9937727713518566	0.996848443142078	0.9909045364976444
33.96810938500961	32.05349135169762	64.38180940698584	3.911855381165924	4.109144778987833	6.082949586760241	0.28386730125173726	0.24647713938755578	0.16232183564590558	0.022158946359703606	0.020361572574211406	0.016657128044832055	0.9893221587843153	0.989954018059967	0.9798026878928957
24.36677210121717	5.535133728379242	25.030525447927772	1.979200032030751	0.9703915759128763	2.155422389350277	0.6762680924736351	0.7364074183975441	0.6329463582238839	0.22060268855690285	0.21474025795927587	0.2028966961062159	0.9874587322370196	0.9971531748989647	0.9871407587373259
2.930693465727096	17.14730140935297	19.445575016589885	0.8316383728379243	1.4465887251761702	1.759918759677451	0.6875968824206703	0.6582571028675362	0.5683531524443545	0.06861291355579481	0.06685219199902925	0.05860060076650733	0.9986870263626823	0.9923041286706019	0.9912592844674811
